"Player","Team","Opponent","DK Position","DK Salary","DK Projection","DK Value","DK Ownership","DKSlateID","DK Ceiling"
"CeeDee Lamb","DAL","LAC","WR","6400","19.7","4.0","19.6","19184506","29.3"
"Cooper Kupp","LA","IND","WR","6000","18.8","4.0","24.9","19184518","27.8"
"Amari Cooper","DAL","LAC","WR","6800","20.1","3.6","20.1","19184496","30.2"
"Justin Herbert","LAC","DAL","QB","6700","24.3","3.6","15.1","19183997","33.3"
"Dak Prescott","DAL","LAC","QB","6800","24.4","3.4","14.1","19183996","34.8"
"Chris Carson","SEA","TEN","RB","6100","18.2","3.1","27.2","19184114","25.9"
"Alvin Kamara","NO","CAR","RB","8800","23.4","3.0","13.7","19184094","31.8"
"Najee Harris","PIT","LV","RB","6300","18.5","3.0","25.9","19184110","26.1"
"Tom Brady","TB","ATL","QB","6900","24.3","3.0","10.8","19183995","34.8"
"Josh Allen","BUF","MIA","QB","7200","24.8","2.6","13.3","19183994","36.9"
"Christian McCaffrey","CAR","NO","RB","9900","25.2","2.6","6.8","19184090","32.8"
"Teddy Bridgewater","DEN","JAX","QB","5400","19.3","2.5","4.2","19184012","25.4"
"Keenan Allen","LAC","DAL","WR","7000","19.4","2.5","17.9","19184492","28.6"
"Dalvin Cook","MIN","ARI","RB","9100","23.2","2.2","12.0","19184092","31.2"
"Ben Roethlisberger","PIT","LV","QB","5900","20.4","2.1","2.7","19184006","26.5"
"Damien Harris","NE","NYJ","RB","5400","15.7","2.0","18.0","19184132","22.8"
"Derek Carr","LV","PIT","QB","5300","18.3","1.8","1.4","19184014","25.0"
"Chris Godwin","TB","ATL","WR","6600","17.9","1.8","15.9","19184500","28.2"
"Nick Chubb","CLE","HOU","RB","7800","20.1","1.7","11.4","19184098","29.9"
"Russell Wilson","SEA","TEN","QB","7500","24.9","1.7","5.7","19183993","35.3"
"Noah Fant","DEN","JAX","TE","4200","12.9","1.5","17.0","19185158","19.5"
"Darrell Henderson Jr.","LA","IND","RB","5700","15.8","1.5","12.7","19184126","22.5"
"Tyler Lockett","SEA","TEN","WR","7200","18.8","1.5","6.1","19184488","29.4"
"Joe Mixon","CIN","CHI","RB","7000","18.1","1.2","11.1","19184104","24.5"
"Ja'Marr Chase","CIN","CHI","WR","5000","14.1","1.2","16.2","19184554","20.4"
"Tyler Higbee","LA","IND","TE","4100","12.4","1.2","21.7","19185160","18.7"
"Diontae Johnson","PIT","LV","WR","6400","16.9","1.2","7.9","19184504","24.2"
"Allen Robinson II","CHI","CIN","WR","6200","16.4","1.1","12.6","19184512","23.4"
"A.J. Brown","TEN","SEA","WR","6900","17.8","1.1","11.9","19184494","26.8"
"Marvin Jones Jr.","JAX","DEN","WR","4700","13.3","1.0","4.8","19184572","18.3"
"Austin Ekeler","LAC","DAL","RB","7300","18.4","1.0","8.6","19184100","26.6"
"Cole Beasley","BUF","MIA","WR","4600","13.0","0.9","12.8","19184576","19.7"
"Ezekiel Elliott","DAL","LAC","RB","6200","16.2","0.9","18.8","19184112","22.8"
"Jared Cook","LAC","DAL","TE","3900","11.6","0.9","13.6","19185164","18.7"
"Saints ","NO","CAR","DST","3100","8.0","0.9","12.8","19185509","13.2"
"Calvin Ridley","ATL","TB","WR","7500","18.7","0.8","9.3","19184484","26.3"
"Jalen Hurts","PHI","SF","QB","6500","20.9","0.8","8.9","19183999","30.0"
"DK Metcalf","SEA","TEN","WR","7600","18.8","0.8","4.6","19184482","28.7"
"Stefon Diggs","BUF","MIA","WR","7700","18.8","0.6","12.4","19184480","27.6"
"David Montgomery","CHI","CIN","RB","6100","15.7","0.6","14.1","19184116","22.3"
"Matthew Stafford","LA","IND","QB","6400","20.4","0.6","3.7","19184000","29.4"
"Jets ","NYJ","NE","DST","2200","6.0","0.6","16.8","19185523","10.4"
"Javonte Williams","DEN","JAX","RB","4400","12.3","0.5","5.7","19184182","18.7"
"Robert Woods","LA","IND","WR","5700","14.7","0.5","12.7","19184530","22.4"
"Mike Williams","LAC","DAL","WR","6100","15.4","0.4","2.9","19184514","24.3"
"JuJu Smith-Schuster","PIT","LV","WR","5700","14.7","0.4","4.7","19184528","21.2"
"Emmanuel Sanders","BUF","MIA","WR","4000","11.3","0.3","9.3","19184598","17.1"
"Sam Darnold","CAR","NO","QB","5200","16.5","0.3","1.4","19184016","24.1"
"Andy Dalton","CHI","CIN","QB","5200","16.5","0.3","0.5","19184017","22.4"
"Baker Mayfield","CLE","HOU","QB","6000","18.8","0.2","1.6","19184004","28.0"
"Darren Waller","LV","PIT","TE","7600","18.3","0.2","3.3","19185144","25.7"
"Jakobi Meyers","NE","NYJ","WR","5100","13.2","0.1","2.3","19184550","20.1"
"Antonio Brown","TB","ATL","WR","6000","15.0","0.1","5.0","19184520","23.6"
"Devin Singletary","BUF","MIA","RB","4900","12.7","0.0","7.5","19184148","17.3"
"Mike Evans","TB","ATL","WR","6100","15.0","0.0","6.3","19184516","24.0"
"Derrick Henry","TEN","SEA","RB","8300","19.5","0.0","1.9","19184096","25.8"
"Patriots ","NE","NYJ","DST","3700","8.4","0.0","4.0","19185505","13.7"
"Tyler Boyd","CIN","CHI","WR","4700","12.2","-0.1","9.8","19184570","17.6"
"Tee Higgins","CIN","CHI","WR","5400","13.6","-0.1","9.4","19184542","19.6"
"Mike Davis","ATL","TB","RB","5500","13.7","-0.2","9.5","19184130","17.9"
"Marquez Callaway","NO","CAR","WR","4200","11.1","-0.2","5.7","19184588","16.2"
"Deebo Samuel","SF","PHI","WR","6700","16.1","-0.2","6.1","19184498","24.9"
"George Kittle","SF","PHI","TE","6400","15.5","-0.2","8.4","19185146","24.2"
"Julio Jones","TEN","SEA","WR","6300","15.3","-0.2","3.2","19184510","22.8"
"Kyler Murray","ARI","MIN","QB","8200","24.9","-0.3","6.5","19183992","34.7"
"DeAndre Hopkins","ARI","MIN","WR","8000","18.5","-0.3","6.1","19184478","27.9"
"Hunter Renfrow","LV","PIT","WR","3600","9.8","-0.3","3.6","19184630","14.1"
"Tua Tagovailoa","MIA","BUF","QB","5500","16.7","-0.3","2.2","19184010","25.7"
"Jaylen Waddle","MIA","BUF","WR","4500","11.6","-0.3","3.5","19184582","16.3"
"Zach Wilson","NYJ","NE","QB","5100","15.6","-0.3","0.5","19184018","22.5"
"Ryan Tannehill","TEN","SEA","QB","6300","19.2","-0.3","2.7","19184001","28.8"
"Steelers ","PIT","LV","DST","3000","6.7","-0.3","4.2","19185510","11.3"
"Chase Edmonds","ARI","MIN","RB","4900","12.3","-0.4","8.0","19184150","18.3"
"Cole Kmet","CHI","CIN","TE","3700","9.9","-0.4","4.5","19185172","14.3"
"Courtland Sutton","DEN","JAX","WR","5200","12.9","-0.4","5.2","19184548","19.9"
"Laviska Shenault Jr.","JAX","DEN","WR","4900","12.3","-0.4","2.5","19184558","16.3"
"Kirk Cousins","MIN","ARI","QB","6200","18.8","-0.4","0.5","19184002","24.5"
"Adam Trautman","NO","CAR","TE","3000","8.6","-0.4","12.6","19185196","12.9"
"Eagles ","PHI","SF","DST","2400","5.3","-0.4","8.4","19185520","9.5"
"A.J. Green","ARI","MIN","WR","3700","9.8","-0.5","3.5","19184612","15.1"
"Matt Ryan","ATL","TB","QB","5600","16.9","-0.5","0.6","19184009","23.8"
"Darnell Mooney","CHI","CIN","WR","4200","10.8","-0.5","5.2","19184592","15.8"
"Joe Burrow","CIN","CHI","QB","5800","17.5","-0.5","0.8","19184007","25.0"
"Cedrick Wilson","DAL","LAC","WR","3100","8.7","-0.5","3.5","19184690","13.5"
"Adam Thielen","MIN","ARI","WR","7100","16.6","-0.5","1.3","19184490","23.5"
"Corey Davis","NYJ","NE","WR","5300","13.0","-0.5","5.4","19184544","17.6"
"Bears ","CHI","CIN","DST","2800","6.0","-0.5","7.0","19185515","10.5"
"Browns ","CLE","HOU","DST","3500","7.5","-0.5","5.9","19185507","12.4"
"Panthers ","CAR","NO","DST","2700","5.7","-0.6","2.9","19185516","10.0"
"Chargers ","LAC","DAL","DST","2600","5.5","-0.6","5.4","19185517","9.8"
"Vikings ","MIN","ARI","DST","2100","4.6","-0.6","6.3","19185525","8.5"
"Tyrod Taylor","HOU","CLE","QB","5500","16.4","-0.7","0.5","19184011","24.0"
"Justin Jefferson","MIN","ARI","WR","7400","16.9","-0.7","3.2","19184486","25.2"
"Chase Claypool","PIT","LV","WR","5600","13.4","-0.7","5.2","19184534","20.2"
"Broncos ","DEN","JAX","DST","3800","7.9","-0.7","1.6","19185504","13.0"
"Kyle Pitts","ATL","TB","TE","5200","12.6","-0.8","5.7","19185148","16.7"
"Jonathan Taylor","IND","LA","RB","7200","16.4","-0.8","4.7","19184102","22.0"
"Cardinals ","ARI","MIN","DST","2900","6.0","-0.8","5.9","19185512","10.4"
"Jaguars ","JAX","DEN","DST","2300","4.7","-0.8","3.6","19185522","8.7"
"Rondale Moore","ARI","MIN","WR","4000","10.1","-0.9","4.3","19184600","16.5"
"Terrace Marshall Jr.","CAR","NO","WR","3300","8.7","-0.9","2.2","19184658","11.8"
"Nyheim Hines","IND","LA","RB","4700","11.4","-0.9","1.6","19184158","16.0"
"Bengals ","CIN","CHI","DST","2900","5.9","-0.9","0.8","19185513","10.3"
"DJ Moore","CAR","NO","WR","5900","13.7","-1.0","5.4","19184522","18.9"
"Carson Wentz","IND","LA","QB","5200","15.2","-1.0","1.9","19184015","22.5"
"Miles Sanders","PHI","SF","RB","6900","15.7","-1.0","0.5","19184106","21.5"
"Dolphins ","MIA","BUF","DST","2500","5.0","-1.0","4.1","19185519","9.0"
"Donovan Peoples-Jones","CLE","HOU","WR","3000","7.8","-1.1","1.1","19185082","14.2"
"DJ Chark Jr.","JAX","DEN","WR","5600","13.0","-1.1","0.5","19184532","17.9"
"Eli Mitchell","SF","PHI","RB","5000","11.7","-1.2","3.8","19184146","17.9"
"Bills ","BUF","MIA","DST","3300","6.4","-1.2","1.0","19185508","10.9"
"Leonard Fournette","TB","ATL","RB","5100","11.8","-1.3","3.8","19184138","18.6"
"Melvin Gordon III","DEN","JAX","RB","5900","13.3","-1.4","0.5","19184120","20.9"
"Van Jefferson Jr.","LA","IND","WR","3500","8.5","-1.4","0.5","19184632","13.9"
"K.J. Osborn","MIN","ARI","WR","3300","8.2","-1.4","0.7","19184656","12.7"
"Mac Jones","NE","NYJ","QB","5400","15.3","-1.4","0.5","19184013","21.8"
"Colts ","IND","LA","DST","2500","4.6","-1.4","2.5","19185518","8.4"
"Seahawks ","SEA","TEN","DST","3000","5.6","-1.4","0.6","19185511","9.8"
"49ers ","SF","PHI","DST","3600","6.7","-1.4","0.7","19185506","11.4"
"James O'Shaughnessy","JAX","DEN","TE","2700","6.9","-1.5","5.7","19185232","9.5"
"Myles Gaskin","MIA","BUF","RB","5900","13.1","-1.5","3.7","19184122","18.2"
"DeVonta Smith","PHI","SF","WR","5400","12.2","-1.5","2.9","19184540","17.6"
"Buccaneers ","TB","ATL","DST","4100","7.6","-1.5","0.8","19185503","12.6"
"James Conner","ARI","MIN","RB","4400","10.1","-1.6","0.7","19184176","15.9"
"Brandin Cooks","HOU","CLE","WR","5900","13.1","-1.6","1.8","19184524","17.8"
"DeVante Parker","MIA","BUF","WR","5500","12.3","-1.6","0.5","19184538","16.8"
"James White","NE","NYJ","RB","4600","10.5","-1.6","1.6","19184162","16.5"
"Texans ","HOU","CLE","DST","2000","3.4","-1.6","1.0","19185527","6.9"
"Anthony Schwartz","CLE","HOU","WR","3300","7.9","-1.7","0.5","19184662","14.1"
"Rob Gronkowski","TB","ATL","TE","4700","10.6","-1.7","1.7","19185150","17.7"
"Bryan Edwards","LV","PIT","WR","3700","8.5","-1.8","0.6","19184618","12.4"
"Elijah Moore","NYJ","NE","WR","3500","8.2","-1.8","4.1","19184634","11.3"
"Jalen Reagor","PHI","SF","WR","4100","9.2","-1.9","0.5","19184596","13.3"
"Will Dissly","SEA","TEN","TE","3000","7.0","-1.9","1.2","19185194","12.5"
"Cowboys ","DAL","LAC","DST","2400","3.9","-1.9","0.7","19185521","7.5"
"Titans ","TEN","SEA","DST","2200","3.5","-1.9","2.0","19185524","7.0"
"Jarvis Landry","CLE","HOU","WR","6300","13.5","-2.0","1.7","19184508","21.5"
"Pharaoh Brown","HOU","CLE","TE","2900","6.7","-2.0","0.5","19185220","9.2"
"KJ Hamler","DEN","JAX","WR","3800","8.4","-2.1","1.4","19184610","13.4"
"Michael Pittman Jr.","IND","LA","WR","4300","9.4","-2.1","2.5","19184586","13.3"
"Anthony Firkser","TEN","SEA","TE","3400","7.7","-2.1","0.8","19185182","11.4"
"Trevor Lawrence","JAX","DEN","QB","6000","16.4","-2.2","0.5","19184005","22.8"
"Jimmy Garoppolo","SF","PHI","QB","5700","15.5","-2.2","0.5","19184008","18.5"
"Kareem Hunt","CLE","HOU","RB","5800","12.2","-2.3","0.8","19184124","19.8"
"Raiders ","LV","PIT","DST","2800","4.2","-2.3","0.4","19185514","8.0"
"Tim Patrick","DEN","JAX","WR","4600","9.7","-2.4","1.8","19184574","15.9"
"Henry Ruggs III","LV","PIT","WR","4200","9.0","-2.4","0.5","19184590","13.1"
"Nelson Agholor","NE","NYJ","WR","4800","10.1","-2.4","0.5","19184566","15.6"
"Tyler Kroft","NYJ","NE","TE","2900","6.3","-2.4","0.5","19185218","8.3"
"Robby Anderson","CAR","NO","WR","5800","12.0","-2.5","0.5","19184526","16.5"
"Gerald Everett","SEA","TEN","TE","3600","7.6","-2.5","3.4","19185174","12.8"
"Ronald Jones II","TB","ATL","RB","4800","10.0","-2.5","0.5","19184156","16.7"
"Austin Hooper","CLE","HOU","TE","3800","7.9","-2.6","0.6","19185166","13.2"
"Jalen Guyton","LAC","DAL","WR","3100","6.6","-2.6","0.5","19184688","11.8"
"Jameis Winston","NO","CAR","QB","6100","16.3","-2.6","0.5","19184003","26.5"
"Dalton Schultz","DAL","LAC","TE","3300","6.9","-2.7","1.0","19185184","11.1"
"Trent Sherfield","SF","PHI","WR","3200","6.6","-2.7","0.5","19184674","11.1"
"Chester Rogers","TEN","SEA","WR","3200","6.7","-2.7","0.5","19184670","10.2"
"Nico Collins","HOU","CLE","WR","3200","6.6","-2.8","0.5","19184666","8.6"
"Kenyan Drake","LV","PIT","RB","4900","9.9","-2.8","0.5","19184154","14.2"
"Christian Kirk","ARI","MIN","WR","5000","10.0","-2.9","0.5","19184556","16.3"
"C.J. Uzomah","CIN","CHI","TE","3000","6.1","-2.9","0.5","19185200","9.2"
"Kenneth Gainwell","PHI","SF","RB","4000","8.0","-2.9","0.5","19184368","13.4"
"David Njoku","CLE","HOU","TE","3600","7.2","-3.0","0.5","19185176","12.7"
"Deonte Harris","NO","CAR","WR","3900","7.8","-3.0","0.5","19184606","12.2"
"Falcons ","ATL","TB","DST","2100","2.2","-3.0","0.8","19185526","5.2"
"Mo Alie-Cox","IND","LA","TE","2700","5.2","-3.1","0.6","19185226","8.2"
"Blake Jarwin","DAL","LAC","TE","3100","6.0","-3.2","1.1","19185190","10.1"
"Carlos Hyde","JAX","DEN","RB","4400","8.5","-3.2","0.5","19184180","12.3"
"Tyler Conklin","MIN","ARI","TE","3200","6.2","-3.2","1.1","19185188","9.5"
"DeSean Jackson","LA","IND","WR","3300","6.2","-3.3","0.5","19184660","10.6"
"Jonnu Smith","NE","NYJ","TE","4500","8.6","-3.3","0.5","19185154","13.1"
"Eric Ebron","PIT","LV","TE","3500","6.6","-3.3","0.5","19185178","10.5"
"Albert Okwuegbunam","DEN","JAX","TE","2900","5.4","-3.4","0.5","19185216","9.4"
"Dallas Goedert","PHI","SF","TE","4600","8.7","-3.4","0.5","19185152","12.8"
"Russell Gage","ATL","TB","WR","4800","8.9","-3.6","0.5","19184562","12.0"
"Gabriel Davis","BUF","MIA","WR","3900","7.1","-3.6","0.5","19184604","11.6"
"Zach Pascal","IND","LA","WR","4400","8.1","-3.6","0.5","19184584","11.7"
"Mike Gesicki","MIA","BUF","TE","4000","7.3","-3.6","0.5","19185162","10.6"
"Cordarrelle Patterson","ATL","TB","WR","3800","6.8","-3.7","0.5","19184608","9.8"
"Parris Campbell","IND","LA","WR","3600","6.4","-3.7","0.5","19184626","9.5"
"Ryan Griffin","NYJ","NE","TE","2600","4.4","-3.7","0.0","19185236","6.4"
"Marquise Goodwin","CHI","CIN","WR","3500","6.1","-3.8","0.5","19184636","10.3"
"James Robinson","JAX","DEN","RB","6400","11.8","-3.8","0.5","19184108","16.7"
"Jamison Crowder","NYJ","NE","WR","4500","8.2","-3.8","0.5","19184580","11.2"
"Damien Williams","CHI","CIN","RB","4900","8.8","-3.9","0.5","19184152","14.5"
"Harrison Bryant","CLE","HOU","TE","2500","4.1","-3.9","0.0","19185458","8.4"
"Jack Doyle","IND","LA","TE","3100","5.1","-4.1","0.5","19185192","7.4"
"Josh Jacobs","LV","PIT","RB","6000","10.8","-4.1","0.5","19184118","14.7"
"Quez Watkins","PHI","SF","WR","3200","5.3","-4.1","0.5","19184678","8.3"
"Rams ","LA","IND","DST","4500","5.8","-4.1","0.5","19185502","10.2"
"Dan Arnold","CAR","NO","TE","2900","4.6","-4.2","0.0","19185212","7.1"
"Mark Ingram II","HOU","CLE","RB","5000","8.7","-4.2","0.5","19184142","11.0"
"Zach Ertz","PHI","SF","TE","3700","6.1","-4.2","0.5","19185170","8.9"
"Dawson Knox","BUF","MIA","TE","3500","5.7","-4.3","0.5","19185180","9.3"
"Jordan Akins","HOU","CLE","TE","3000","4.6","-4.4","0.4","19185202","6.3"
"Tevin Coleman","NYJ","NE","RB","4700","7.8","-4.5","0.5","19184160","12.2"
"Trey Sermon","SF","PHI","RB","4600","7.7","-4.5","0.5","19184164","13.2"
"Chris Conley","HOU","CLE","WR","3100","4.5","-4.6","0.0","19184694","6.1"
"Hayden Hurst","ATL","TB","TE","3800","5.8","-4.7","0.5","19185168","7.7"
"Albert Wilson","MIA","BUF","WR","3000","4.2","-4.7","0.0","19185110","6.6"
"Durham Smythe","MIA","BUF","TE","2500","3.3","-4.7","0.0","19185478","5.5"
"Brandon Aiyuk","SF","PHI","WR","5500","9.1","-4.8","0.5","19184536","14.5"
"Ty Johnson","NYJ","NE","RB","4500","7.0","-4.9","0.5","19184174","11.6"
"James Washington","PIT","LV","WR","3400","4.8","-4.9","0.0","19184640","8.8"
"Dee Eskridge","SEA","TEN","WR","3000","4.1","-4.9","0.0","19184736","8.5"
"Maxx Williams","ARI","MIN","TE","2700","3.3","-5.0","0.0","19185228","7.0"
"Pat Freiermuth","PIT","LV","TE","2700","3.3","-5.0","0.0","19185230","6.7"
"Danny Amendola","HOU","CLE","WR","3600","5.0","-5.1","0.5","19184624","6.8"
"Hunter Henry","NE","NYJ","TE","4300","6.3","-5.2","0.5","19185156","9.9"
"Freddie Swain","SEA","TEN","WR","3400","4.5","-5.2","0.0","19184646","9.0"
"Geoff Swaim","TEN","SEA","TE","2500","2.7","-5.3","0.0","19185278","5.0"
"Demetrius Harris","ARI","MIN","TE","2500","2.5","-5.5","0.0","19185314","5.7"
"Damiere Byrd","CHI","CIN","WR","3200","3.9","-5.5","0.0","19184676","6.8"
"Tony Jones Jr.","NO","CAR","RB","4400","6.2","-5.5","0.5","19184178","9.4"
"Juwan Johnson","NO","CAR","WR","3600","4.7","-5.5","0.0","19184628","7.7"
"Mohamed Sanu","SF","PHI","WR","3000","3.5","-5.5","0.0","19184942","6.8"
"Jimmy Graham","CHI","CIN","TE","3200","3.7","-5.6","0.0","19185186","6.5"
"Diontae Spencer","DEN","JAX","WR","3000","3.3","-5.6","0.0","19185000","6.5"
"Donald Parham Jr.","LAC","DAL","TE","2900","3.1","-5.6","0.0","19185210","6.9"
"Preston Williams","MIA","BUF","WR","3000","3.3","-5.6","0.0","19185108","5.4"
"Larry Rountree III","LAC","DAL","RB","4000","5.2","-5.8","0.0","19184212","10.4"
"Keelan Cole Sr.","NYJ","NE","WR","3000","3.2","-5.8","0.0","19185018","4.7"
"Tony Pollard","DAL","LAC","RB","5300","7.5","-6.0","0.5","19184134","13.0"
"Kendrick Bourne","NE","NYJ","WR","4100","5.1","-6.0","0.5","19184594","8.6"
"Giovani Bernard","TB","ATL","RB","4200","5.3","-6.0","0.5","19184194","10.7"
"Ian Thomas","CAR","NO","TE","2500","1.8","-6.1","0.0","19185332","3.3"
"Lil'Jordan Humphrey","NO","CAR","WR","3000","2.9","-6.1","0.0","19184872","5.4"
"Chris Herndon","MIN","ARI","TE","2900","2.5","-6.2","0.0","19185208","4.8"
"Michael Carter","NYJ","NE","RB","4100","5.0","-6.2","0.0","19184202","9.2"
"Mike Strachan","IND","LA","WR","3000","2.7","-6.3","0.0","19184926","4.8"
"Johnny Mundt","LA","IND","TE","2500","1.6","-6.4","0.0","19185368","4.2"
"Eric Saubert","DEN","JAX","TE","2500","1.5","-6.5","0.0","19185416","4.1"
"Cameron Brate","TB","ATL","TE","2900","2.3","-6.5","0.0","19185214","6.3"
"Salvon Ahmed","MIA","BUF","RB","4100","4.5","-6.6","0.0","19184200","8.2"
"Chris Manhertz","JAX","DEN","TE","3000","2.2","-6.8","0.0","19185198","3.6"
"Zay Jones","LV","PIT","WR","3100","2.4","-6.8","0.0","19184692","4.0"
"Mike Thomas","CIN","CHI","WR","3000","2.1","-6.9","0.0","19185046","4.0"
"Kylen Granson","IND","LA","TE","2500","1.1","-6.9","0.0","19185376","2.8"
"Malcolm Brown","MIA","BUF","RB","4000","4.0","-6.9","0.0","19184452","7.7"
"Nick Westbrook-Ikhine","TEN","SEA","WR","3000","2.1","-6.9","0.0","19184760","4.3"
"Olamide Zaccheaus","ATL","TB","WR","3200","2.4","-7.0","0.0","19184664","4.0"
"Matt Breida","BUF","MIA","RB","4300","4.5","-7.0","0.0","19184190","8.2"
"Foster Moreau","LV","PIT","TE","3000","2.0","-7.0","0.0","19185206","3.7"
"Stephen Anderson","LAC","DAL","TE","2500","1.0","-7.0","0.0","19185244","4.1"
"Greg Ward","PHI","SF","WR","3000","2.0","-7.0","0.0","19184958","4.0"
"David Johnson","HOU","CLE","RB","5200","6.2","-7.1","0.5","19184136","8.8"
"Joshua Palmer","LAC","DAL","WR","3000","1.8","-7.1","0.0","19184700","5.3"
"Ross Dwelley","SF","PHI","TE","2500","0.9","-7.1","0.0","19185390","3.4"
"Drew Sample","CIN","CHI","TE","2700","1.2","-7.2","0.0","19185224","2.8"
"Dede Westbrook","MIN","ARI","WR","3000","1.7","-7.2","0.0","19184834","3.8"
"Rhamondre Stevenson","NE","NYJ","RB","4000","3.7","-7.2","0.0","19184400","8.2"
"Samaje Perine","CIN","CHI","RB","4200","4.0","-7.3","0.0","19184198","8.1"
"Jakeem Grant","MIA","BUF","WR","3100","1.9","-7.3","0.0","19184680","3.8"
"Darrell Daniels","ARI","MIN","TE","2500","0.6","-7.4","0.0","19185312","3.2"
"Isaiah McKenzie","BUF","MIA","WR","3200","2.0","-7.4","0.0","19184668","4.8"
"Auden Tate","CIN","CHI","WR","3000","1.5","-7.4","0.0","19185044","3.3"
"Chris Hogan","NO","CAR","WR","3000","1.6","-7.4","0.0","19184874","3.7"
"Trevon Wesco","NYJ","NE","TE","2500","0.5","-7.4","0.0","19185426","1.4"
"Zach Gentry","PIT","LV","TE","2500","0.6","-7.4","0.0","19185350","3.1"
"O.J. Howard","TB","ATL","TE","3000","1.6","-7.4","0.0","19185204","5.5"
"Tommy Sweeney","BUF","MIA","TE","2500","0.3","-7.7","0.0","19185492","2.5"
"Antony Auclair","HOU","CLE","TE","2500","0.2","-7.7","0.0","19185470","0.8"
"Tutu Atwell","LA","IND","WR","3000","1.2","-7.7","0.0","19184916","3.8"
"Cethan Carter","MIA","BUF","TE","2500","0.3","-7.7","0.0","19185482","1.7"
"Brandon Dillon","MIN","ARI","TE","2500","0.3","-7.7","0.0","19185322","2.0"
"Charlie Woerner","SF","PHI","TE","2500","0.3","-7.7","0.0","19185392","2.6"
"Scotty Miller","TB","ATL","WR","3400","2.1","-7.7","0.0","19184648","6.3"
"Tajae Sharpe","ATL","TB","WR","3000","1.2","-7.8","0.0","19184798","2.4"
"Justin Jackson","LAC","DAL","RB","4000","3.1","-7.8","0.0","19184208","7.8"
"Jeremy McNichols","TEN","SEA","RB","4600","4.3","-7.8","0.0","19184168","7.2"
"Jesse James","CHI","CIN","TE","2600","0.3","-7.9","0.0","19185238","2.2"
"K.J. Hill","LAC","DAL","WR","3000","1.0","-7.9","0.0","19184702","4.2"
"Tyler Johnson","TB","ATL","WR","3000","1.0","-7.9","0.0","19184778","4.8"
"Jamal Agnew","JAX","DEN","WR","3000","1.0","-8.0","0.0","19184976","2.2"
"Braxton Berrios","NYJ","NE","WR","3600","2.1","-8.0","0.0","19184622","3.5"
"Phillip Lindsay","HOU","CLE","RB","4600","4.0","-8.1","0.0","19184166","5.9"
"Ty Montgomery","NO","CAR","RB","4000","2.8","-8.1","0.0","19184306","5.3"
"JaMycal Hasty","SF","PHI","RB","4200","3.1","-8.2","0.0","19184196","7.4"
"Rex Burkhead","HOU","CLE","RB","4000","2.7","-8.3","0.0","19184444","4.3"
"Brandon Zylstra","CAR","NO","WR","3000","0.5","-8.4","0.0","19184852","1.8"
"Noah Brown","DAL","LAC","WR","3000","0.6","-8.4","0.0","19184716","2.9"
"Mack Hollins","MIA","BUF","WR","3000","0.5","-8.4","0.0","19185112","2.0"
"Kyle Juszczyk","SF","PHI","RB","4000","2.6","-8.4","0.0","19184366","6.7"
"Christian Blake","ATL","TB","WR","3000","0.5","-8.5","0.0","19184796","1.5"
"Ray-Ray McCloud III","PIT","LV","WR","3000","0.5","-8.5","0.0","19184888","3.0"
"Simi Fehoko","DAL","LAC","WR","3000","0.3","-8.6","0.0","19184718","2.6"
"Ihmir Smith-Marsette","MIN","ARI","WR","3000","0.3","-8.6","0.0","19184836","2.1"
"Gunner Olszewski","NE","NYJ","WR","3100","0.5","-8.6","0.0","19184686","2.6"
"DeeJay Dallas","SEA","TEN","RB","4000","2.3","-8.6","0.0","19184234","6.3"
"Ashton Dulin","IND","LA","WR","3000","0.2","-8.7","0.0","19184928","1.7"
"JJ Arcega-Whiteside","PHI","SF","WR","3000","0.3","-8.7","0.0","19184960","2.0"
"Alec Ingold","LV","PIT","RB","4000","2.2","-8.8","0.0","19184332","4.2"
"Ameer Abdullah","MIN","ARI","RB","4000","2.1","-8.8","0.0","19184278","4.7"
"N'Keal Harry","NE","NYJ","WR","3000","0.1","-8.9","0.0","19185034","2.0"
"Alex Collins","SEA","TEN","RB","4000","2.0","-8.9","0.0","19184230","6.1"
"Tyron Johnson","JAX","DEN","WR","3600","0.9","-9.2","0.0","19184620","2.2"
"Willie Snead IV","LV","PIT","WR","3400","0.6","-9.2","0.0","19184650","1.9"
"Rashard Higgins","CLE","HOU","WR","3900","1.2","-9.5","0.0","19184602","4.8"
"Travis Homer","SEA","TEN","RB","4000","1.5","-9.5","0.0","19184232","5.1"
"Keith Smith","ATL","TB","RB","4000","1.1","-9.9","0.0","19184262","2.6"
"Chuba Hubbard","CAR","NO","RB","4500","2.1","-9.9","0.0","19184172","4.7"
"Sony Michel","LA","IND","RB","5000","2.9","-10.0","0.0","19184144","6.6"
"C.J. Ham","MIN","ARI","RB","4000","1.0","-10.0","0.0","19184284","3.3"
"Kalen Ballage","PIT","LV","RB","4000","0.8","-10.1","0.0","19184312","4.4"
"Khari Blasingame","TEN","SEA","RB","4000","0.7","-10.3","0.0","19184248","2.5"
"D'Ernest Johnson","CLE","HOU","RB","4000","0.5","-10.5","0.0","19184430","4.5"
"Marlon Mack","IND","LA","RB","4000","0.4","-10.5","0.0","19184352","2.1"
"Alexander Mattison","MIN","ARI","RB","5000","2.4","-10.5","0.0","19184140","5.0"
"J.J. Taylor","NE","NYJ","RB","4000","0.5","-10.5","0.0","19184402","3.7"
"Mekhi Sargent","TEN","SEA","RB","4000","0.4","-10.5","0.0","19184242","2.2"
"Gabe Nabers","LAC","DAL","RB","4000","0.3","-10.6","0.0","19184214","4.3"
"Brandon Bolden","NE","NYJ","RB","4000","0.3","-10.6","0.0","19184404","3.5"
"Benny Snell Jr.","PIT","LV","RB","4300","0.8","-10.7","0.0","19184186","4.3"
"Chris Evans","CIN","CHI","RB","4000","0.1","-10.8","0.0","19184412","3.3"
"Andy Janovich","CLE","HOU","RB","4000","0.1","-10.8","0.0","19184436","4.1"
"Peyton Barber","LV","PIT","RB","4000","0.1","-10.8","0.0","19184326","1.5"
"Jake Funk","LA","IND","RB","4000","0.2","-10.8","0.0","19184340","2.8"
"Dwayne Washington","NO","CAR","RB","4000","0.2","-10.8","0.0","19184304","2.2"
"Trey Lance","SF","PHI","QB","4800","3.9","-11.1","0.0","19184024","7.9"
"Boston Scott","PHI","SF","RB","4300","0.3","-11.2","0.0","19184188","3.4"
"Taysom Hill","NO","CAR","QB","4700","3.0","-11.6","0.0","19184025","7.0"
"Jacoby Brissett","MIA","BUF","QB","4000","0.7","-11.9","0.0","19184085","4.7"
"Justin Fields","CHI","CIN","QB","5000","1.2","-14.3","0.0","19184020","5.2"
